idStateVector,sourcedData,sourcedDataTypes:,classificationMarking,epoch,uct,xpos,ypos,zpos,xvel,yvel,zvel,referenceFrame,covReferenceFrame,cov,lunarSolar,solarRadPress,solidEarthTides,inTrackThrust,rms,source,dataMode,algorithm,cov_matrix,satNo,mass,crossSection,dragCoeff,solarRadPressCoeff,error
0,"['d8cd4a41-8ae0-4df2-88d2-6ce686dc1df8', '7c0d99ce-f16e-4253-90d0-12a85e7b8abe', 'c0f5401f-cc97-4dcc-bb98-d53fb6013713']","['EO', 'EO', 'EO']",?? U//PR-LSAS-SV,2025-07-23 15:44:22.077929,False,-801.2005086292874,-5279.33829908655,5081.171702350758,-4.847926848677751,-3.434809504568176,-4.333190081788651,J2000,J2000,"[-825.8509349462227, -837.7675349180466, -45.45325536755149, -3.224124284206957, -1.679827472040969, 3.969432590666578, 0.18931648456302502, -0.21729545114596102, -0.11909536682020701, 0.21087304186157502, 0.17190365552279002, -0.70349644673591, -0.520882573229363, 0.47431809913618905, -0.6686640912303531, 0.6431474011460241, 0.5202886381607701, -0.894809300830789, -0.029512992993103, -0.7342518223540001, 0.235306262525342]",True,True,True,False,4.8810472940954694,FAKE,TRASH,NA,"[[-8.25850935e+02 -8.37767535e+02 -3.22412428e+00  1.89316485e-01
   1.71903656e-01  6.43147401e-01]
 [-8.37767535e+02 -4.54532554e+01 -1.67982747e+00 -2.17295451e-01
  -7.03496447e-01  5.20288638e-01]
 [-3.22412428e+00 -1.67982747e+00  3.96943259e+00 -1.19095367e-01
  -5.20882573e-01 -8.94809301e-01]
 [ 1.89316485e-01 -2.17295451e-01 -1.19095367e-01  2.10873042e-01
   4.74318099e-01 -2.95129930e-02]
 [ 1.71903656e-01 -7.03496447e-01 -5.20882573e-01  4.74318099e-01
  -6.68664091e-01 -7.34251822e-01]
 [ 6.43147401e-01  5.20288638e-01 -8.94809301e-01 -2.95129930e-02
  -7.34251822e-01  2.35306263e-01]]",20026,1402.38,1.307,0,0.0,25970.12553937545
1,"['71e91006-4746-48a0-af3c-4dd9247614c0', 'd4c253ea-c544-4e2c-a90d-af098ac1bb3e', 'f99f2d30-5ad3-4539-b7e5-4c3447591150', '1511f0f4-7298-4b73-beca-1f722904cd77', 'df51e2df-ed06-4521-8a29-b7a0621b1ec9', '9f0fcf93-1917-4c0e-ac9c-f857b0c5de4c', 'b3e143ee-e88f-447a-b74c-52be32a0ee88', '25391179-79a8-43cd-8d5d-a6394c567fd9', 'ca191c68-a2e6-46b3-abdc-ba9098371339', '1bdf0e9d-7fff-4c01-b81d-09816f6ee000', '9525f86a-fa2e-4c52-b314-1d60a6cf9635', 'e3268447-09e4-4b24-88ee-426e3a410575', '18894c10-a1eb-4d00-8b91-7c54fbc95cfd', 'e1ac348a-18b4-4379-866e-688c8e8cfb9c', '5e8c6124-b04a-4bc0-bb99-144ca2c7813d', '348f7d63-92f9-4f53-ac43-76c8de3c1fff', 'b4c785f3-232d-40b6-97e5-1bf0fba922f8', 'b12bd1e7-517f-4016-9d52-67b3343c6bd9', '78820cb5-2d31-49e2-8e73-d8784b542702', '7bfbe5c4-aad9-46bf-b472-e00ec01ccf00', '8c9bd7bd-00dd-4492-b2d7-0b1fff792730', '14b64db3-f0f1-4fbc-b7d8-cf29a0196241', 'f9edcd35-87b1-4805-8a58-7a45182c3d41', 'db57dc95-ecc8-4683-8327-c9a1bc322508', '1a4826d7-d5f5-4691-8633-112a145875ae', 'faf7347e-9bdd-4d7c-b683-9de453589f20', '02164db2-82ae-4082-8cc7-1951f0eb2e39', 'da0e58e9-6b1f-4862-887a-2f406bb2a3eb', 'fab3c739-2365-4056-a637-c57589298e79', '9bd061dc-c537-485d-842a-2a0884fcf0b1', 'caf8a268-2f8b-4684-80d0-be5b56ef51a6', 'd690f895-2685-4936-87ef-093a26c099c6', 'b606d318-974d-40f6-9eab-ed8d9021a16d', '29cbc96f-6b04-4544-9f3b-040e56bf36c5', 'aeaf3904-7a73-46e4-a236-0148eab1f500', '919babe3-3ad4-447a-9269-0b58f67dd2ae', '7baccaa0-36fb-4a7c-a0b6-7ca940fed13b', 'f796d327-bfe3-4f6d-a0c4-c57ae367b063', 'b54fea41-91f4-45dc-bb91-b8fc4f24f7b3', 'e47b6273-c9f8-4ecf-b324-44e1b0304eaf', '3ba60bfd-6958-42cb-84a1-36afdcb68cd8', 'fa6d39c9-46ec-44ff-81aa-bee5ca0f569c', '9bd4587d-51d9-4c58-a10d-e673ced8779e', '2218bd96-bec1-4c41-8b39-acbd2fa312d5', 'd069ac21-8ba1-40a3-ace0-aa7717c65593', '7bf35eba-230a-425a-a0b1-5741405760c0', '9f29a576-3a0b-4335-98c9-6f59f839dc3e', '627dcd36-d3df-435f-886d-378b23cb05c4', '51202b89-7179-4551-b0c9-8c2d19d2afee', '3d9f3aae-608e-45f5-98b7-0e36d6d5d2d7', '56cc10f4-0d27-4941-b68c-002335d09335', 'cebb9216-b1b8-4d31-8930-cafa98678aa9', 'd4a73b92-b566-4697-8e37-c8dc0374633c', '0a61e24e-930f-46db-a99f-a52efa79a016', '5c691fb4-6b83-4654-aa5a-400438a87b10', 'b3a63793-6580-41cc-bb4f-c5326046a79e', '3404deaa-fa23-4dd1-a7ca-d2396d94d98b', '61944f76-2d3b-4bcb-9d6c-c27521f903a5', '139ae9d7-d332-4e86-862c-e481503db0ff', '6c3b8075-65fe-495e-b457-e007cc7c954f', '2869b317-a52c-42b5-9085-3b21e04e913a', '678011a2-ebf6-46fd-b6be-c480271e2207', '9d8128c8-9ef8-41d7-b4ef-6cd7fcb23766', 'e6468265-a0bb-467e-9075-ca47cdacc4f1', '9e20c144-abe9-404d-8b11-35bafeee4e8b', '6bbd8491-2817-499b-8c91-92e0ee34802c', '5c72782c-2af1-4279-bbd2-0e90f3e95448', 'be142bbe-8df6-4f04-96fb-429f69c8d740', 'f1022bb1-3647-4171-9e11-3a3cc743d753', '3f622865-1df5-40bc-8a74-670147f4ea02', '94d07f10-4d2b-4b41-be9f-d4ae3aad4e7e', '353670d6-003c-4a73-a052-ec5686835e46', 'f30ae8ad-b7f1-43ec-9f81-c07cc7fae2ec', 'b86c9b3d-b6ab-4745-a6bc-445d90b96c9a', '1c43a748-149f-4b77-8d1c-87e749208d91', '9a59371f-e655-4534-bc98-7a6ae4c885ff', '0a5fb7df-c70c-4bef-b1e6-cbfd51c60c5d', '484e5b3c-cf2b-453d-8cb7-f45920a01d07', 'b58a40c2-f20f-4a6f-ad02-c8d4a14c5adc', '99e693bf-0c3c-426f-9362-996535d79287', 'fd7c6082-2d5a-43ac-a064-d3af5d05b613', '9f801264-73e6-4ee8-a93e-8094bfa29504', 'ca490a0d-cea5-4dff-b775-155f739716e5', 'babd0ce9-c9aa-4fbf-9099-b9b1a95426c3', 'aced10f2-64c7-47c4-8055-32f7fdc5b136', '87c09ca7-72af-4dd3-93b9-93d663375198', '27c80c15-bf86-4cab-a3f6-84da5adfdd9f', 'dcb7b02b-8a1c-43b3-8fe8-993ba6b9287d', '4e7ab9f5-bb51-49a4-ab4a-b66ab3671ac7', '12d977ba-0712-4fd8-baa3-4c5c7a1f408c', '8097bb85-5bd2-4988-8644-bd5275eb32b8', 'c07d4008-a82d-4eaf-be5a-95131aebcbe9', 'e66a64a6-4e44-42ad-9f65-74be01691eec', '5c1b244b-6a8a-4a71-bc1d-87ce7769feca', '7c6f86a1-bb0f-4ad7-bc67-72997f16b516', '3a363f93-8ad1-4edf-b58b-61c21ad89ff4', 'b29b55c7-4e15-44df-88e7-17b73b5b1ce3', '23f72ebc-4075-4df6-9054-a057b4214c1a', 'ce6cab2d-7fd2-4a5d-b571-2a0517fbbb4e', '6c493471-0edb-4fb2-9a9c-19c027ec24f7', '9c6eebcf-1422-4b7a-a286-888f7d3a4c6b', '9e32a263-bf31-43e3-9c5f-479740330663', 'a158064f-34f7-4361-80af-9e4599cd56f8', '499528b1-c756-4f07-8152-acb63100761f', '6d0b8477-7a98-4aca-ad49-437f2d473a9b', '550e0e76-991d-4d7e-aa75-768647bb0544', '071e91bb-486b-41cc-8d58-2bea7cf79b5d', '76af8a5a-56f4-4f16-9442-4cb768284977', '3d64601d-6594-47d8-8806-ae5649ea4f9c', '4b34af27-1c46-4582-8a89-5dc8f085e403', '329b9d79-a206-4f03-8afe-0aecb6fe0fde', '7dea721a-79c7-41be-93c5-29f9581e4bf5', '7d2732bb-acbc-4d97-80f7-473b19ada52b', '6ed2ad1e-1248-4709-b137-05dde416e67d', '307c5a5d-64e0-4bcf-a17a-db943838b979', 'd8e1d580-e9d6-4752-b7d2-608984f479a4', '88745036-5717-404b-b76e-000f81c2f0bd', '7083dae7-159a-4005-aceb-fc2782c0dcab', 'cdd02c4b-af6b-4bc3-86fa-7f0442322e89', 'ea0e759e-79bd-4663-ac90-fee5a87b2535', 'ec80d2b2-b70d-4b30-82de-f0fadcb5529a', 'c42b3508-7ebc-4d17-86b0-ae563262a0c5', 'e02693fd-16a6-4927-acf0-df8db4380bf9', '2fbabeba-9178-4df0-b59c-3ce1be05b333', '5deb1e99-7740-4089-ad23-8196adeb1bd6', '432de0f8-f144-4524-8095-e2a9abd1c0a8', '40ee9b76-2151-4767-9f12-76d01fcc4d16', '71aab3b5-e18f-4b8e-a6f2-265b09a2c131', 'bef30f22-f124-4bec-bc1e-50d2e9d6459f', '1a48affb-944f-4217-98fe-10f93a21db45', '71deccb9-f68a-4e87-a391-6802c67acc5a', '4501cc66-235d-4b14-bb45-32d269f17879', '180b4686-d044-4c5a-8848-da3681e79d0e', '7036fe01-5d85-4441-99f1-0cae842c4a69', 'fd3a7a97-bc17-4228-926a-25f3112ac738', '94423c04-312f-43bc-b1a8-d95495366ff3', '121bb39e-13b7-4623-bb19-224231d54d15', 'b347a9bb-8732-4e81-935c-c9ec2b3c39d8', '729e4595-86a8-4696-a11c-fcb7305fbdfd', 'f7e38de9-0104-45b0-82e9-3df465beca83', '344267b9-aeda-421d-af79-927295a2fa25', 'b3eae6f2-bf84-4151-adf8-33b17fce8cbd', 'caf4813d-50c6-4770-a693-4e7dfe5df6eb', '4c472968-5c6c-473c-ac08-118079872db1', '7662fb51-7a4c-4fca-8eef-4f99f0803f6b', 'eb8258f3-f502-425a-8fac-dcf4caacb142', 'c1ccd9eb-1119-48ae-85cf-15ea61a1d013', '23826bc1-6cda-4d01-b011-b3dc077c3247', 'ae776d7d-fa73-4ca8-88c5-9c3e08c55ef5', 'e78f35d3-474e-499c-9675-67cd9125682f', 'df15422e-ed7e-4f15-a8d6-5b081cd9429e', '536ba207-4cf9-406d-a496-6917f59a6c8a', '265e97d1-ef2d-4f39-b58c-7586a4a27a64', 'a93e29de-ff9b-42f6-b9f8-e948f7e9be6d', '9f067c64-f5c9-4844-a126-b03cce51829a', '034cfefe-1132-4d1b-890d-d92d929acdc0', 'dcd0fd00-0390-4aff-bc74-5466721807cc', '7fd20ba3-16eb-42d7-883f-4d8d00243268', '52a2d491-53fb-4b15-aaec-17c05eda1e69', '98e3adce-7eb9-43df-b5e2-7608531adb46', '64f5ab53-ae15-43ff-bc9c-58bea9fceeb6', '42d57737-d4fd-41b6-99ec-a21fd891baaf', '99b52c4e-0d77-4879-bda2-101307f467a8', '2f3279ea-4053-4ee3-8a23-2be94538a62a', 'fb9c2cd3-0245-454e-8dd5-11afff3628fb', 'c3855823-b77e-4ae5-9289-ad1212ecbe43', '527e1b9c-c065-44aa-b327-78405c9b3976', '80732eee-b1d7-46ba-976b-2192160f0e13', 'cc6b1036-36b3-4c00-8d1b-0b50530923fd', 'b2042e28-d08f-4952-9ca3-c95ba4add93f', 'f0c9c0dc-aacd-4579-a18a-60dafbf338d5', 'df3414de-db65-4370-b4ca-7730f11892d7', '5a62c641-e8c2-4a0b-bd0c-2dcb81cab466', '11f51c3f-bba0-48f9-9e68-554650b1da51', 'b9684ce1-bbcc-40d3-ac5f-6ecd72c3ac13', '75241912-1d7b-4b36-aaa8-dc745bda15b2', '84b9c49e-f470-45d3-9fab-b50d46a72385', 'be86bbb1-d08b-4a55-bc02-f429bb48f61e', 'a4b7bc0f-2418-4a89-894e-8b8892a7d37d', '9ec0c07c-920e-43f7-bd52-1ca9a1b5aab1', 'd06558da-efab-4dd3-a776-672f341ceea7', '10b4c437-cac7-40f3-b408-911c2a98bcf6', '3161eb78-3442-44f5-b1dc-4678ac30c095', 'b8b134f1-4cf3-4c84-9c7e-a1e5be463c46', 'dc89b120-0918-456d-8eb0-6de0cf6f5d89', '93561ea9-9788-4b1b-ab58-df1baeb41e94', '70066467-9d60-4089-b5df-ce2367495fb1', '3b4bb4b9-2486-4e50-a1bc-ccb696fd80cc', 'dd985258-a424-4405-a09d-2491602cacfc', '485446b6-9b6e-4317-a297-bc207504e7a3', '9179d368-e482-42c6-86ef-156b33cbbea1', 'e9d61bcf-aa32-4615-b0ed-dbebad5a12c8', '7d0594cf-265b-47c6-8599-3a0094097469', 'b22178b0-e711-4451-b442-0c129955d517', 'b6cba212-e514-491d-98af-bb5c123131a4', 'afc316cf-be79-4640-b9aa-56b2cbe693a7', 'bbc2bcb8-c0fa-4f8a-8042-fe27d20e9bd8', '2062dc97-38c6-431f-8557-0df4e730558f', '21c7f206-fafd-4bfd-9092-3daaf3f16379', 'b5198be6-b383-4d50-b87e-807e38b108d5', '8c8f18ce-1097-4f74-a1d8-c504e0f06bcc', '24eff223-0313-4cca-803c-0f3b5d7a0c3c', 'a22a17f0-1152-4d83-9dac-94182ff064dc', '5fdb7f53-07c4-44bd-b91c-e9c67b64893b', '5ea08d13-a903-4ddf-9b0a-59ed180f68d5', 'ed1b6855-fe06-402f-bd75-5d024d5744dc', '51fa2a08-feb5-40cf-b3ba-22a2ce66d4a8', 'bf44748a-8a8e-4e80-a70b-621fae009fa9', '6ec8d583-c066-4f2f-9689-7b8cf4b69d60', '2fa89592-38be-45d2-aad9-b8ba9eeadfb6', '237fc2c1-faf8-40ac-8ba2-ec1cb1882f73', 'b3a4e880-2faa-4f16-9c7d-fa382e6a00bb', 'd9c2c59b-e3b9-4f4c-8357-c93d514774da', '2998308a-ded8-409b-99f2-5066b7efdf43', 'a0b1d3c0-dd6a-4501-9c9c-86d57f43cffc', '461ae8ab-e544-4389-81a7-ac264749940e', '03ed4d1e-eace-4278-b064-399f91646c84', '757ffbc0-808b-4615-96be-41ed21d74ebb', '0f78c1c3-8af8-412b-95af-d7d069bc551c', 'ead18246-09c1-489e-aaa0-82c26fcf8f0e', 'f46487db-4dc7-4d9f-a98b-87487019e472', '6b17be7e-2ed4-4b8f-b5cd-c84ff81d3ab5', '975cb48b-d23d-4139-93e4-cca04ede6a9f', '24463572-678d-4b93-b0be-37acb3142e5d', '5a16e4e9-0757-4339-bdd0-42b7bd424231', '320d6719-cefa-449d-bac2-404824299f4e', '6eda8669-b360-4af4-916f-f7134b145ae4', '11bc1b5d-fb4b-401c-a3e5-c6d35f2e5ad4', '8ada7563-b6e6-481d-8b19-611b25b70152', 'e652c280-e500-4ecc-83c9-417fdc2a4644', '137535c7-5c12-45e0-b0ab-2685a66e621e', '38c995f9-d9fa-45a6-a64a-12dadae7b0ac', '0d5a132f-651b-4082-95c4-bcada74c1c85', '4552c822-fcec-4c67-8cd3-d9bcf23c372a', '5c5b34b0-f539-4963-b900-8cbaf2bf1587', 'd296802c-d0c0-48ac-8043-76e9f4ab744f', 'ed711dc1-8f35-44d0-a2c7-63ac1104962c', 'b7b65e51-daf3-4f1b-8565-2c7c2daedfde', '4e6e6e5f-a9cb-4ba1-a33d-ffbecbd62685', '0b004aa6-aecf-4f65-8f9b-b8d079720398', 'dfb4eabe-703a-4d66-8f96-ff435d73398e', '3dbb76fe-35e5-4aa6-b85d-d2c6d0fdf173', 'c2601c1e-4afa-4290-b85f-04c963fdd570', 'f3f97650-b41b-4707-9b79-d00d50f53cce', '2fa4fa8a-4cfe-437a-91a0-81fcdb6df228', '0d68f1a4-2380-41f2-bac5-2f7877ee8765', '9cec5554-39f0-4660-ad62-fb8ea53d00ba', '4b6a0ff3-9e5f-4a8e-9d8b-a56565e563b1', '09b3c4b2-fd5b-45e8-9adc-d16dfc780d3d', '48be1807-ed9d-4161-be48-64c6a12fc00a', 'e8dfce36-c513-4999-803f-591f0ebbdb9a', 'ce6426ae-c771-4de5-9fbd-ff885faf2415', '3318fc7f-a6da-496a-a5ed-ea8f5fd9b6ff', '11061669-28c0-4dac-bdf4-a97ff8129521', 'a51f6192-a3cc-4ba6-9d23-7a1eaa579019', '5f03344c-71bd-4f3f-ae91-49e47923bf00', 'd09788b1-c653-41b9-a193-b15b1e9e4481', '84d3eed7-fde0-48c2-8dd3-aa2a2676dc8e', 'a1b4a7e8-91b6-41d5-afa8-94b375762c94', '570c20d9-68ee-47b2-9602-5db1d3e8b9e2', '6d32bb61-9730-435e-9cca-cd1b79e499c6', 'be1db76d-4e47-4911-aaca-aaeb54c5b029', '75439b0f-54bf-4f6a-aff3-df02b0f9b376', '57a31aae-a3be-4887-935d-794de5b3a126', 'f58ade84-d7c5-4710-8475-f0236f20698a', '28ebb65a-39e5-4ac5-8e58-0b7d13669388', '0798b620-61a8-4385-8ee9-0f66290ac0f0', '860a9e14-e89f-4767-bcc3-fd6e1e1def78', 'eda3765a-bd20-4f36-ba41-d8126ce9f97a', '5e0595a1-8f1e-4b85-b238-b933ef046845', 'fe740449-ec65-4811-960d-d52283246b37']","['EO', 'EO', 'EO', 'EO', 'EO', 'EO', 'EO', 'EO', 'EO', 'EO', 'EO', 'EO', 'EO', 'EO', 'EO', 'EO', 'EO', 'EO', 'EO', 'EO', 'EO', 'EO', 'EO', 'EO', 'EO', 'EO', 'EO', 'EO', 'EO', 'EO', 'EO', 'EO', 'EO', 'EO', 'EO', 'EO', 'EO', 'EO', 'EO', 'EO', 'EO', 'EO', 'EO', 'EO', 'EO', 'EO', 'EO', 'EO', 'EO', 'EO', 'EO', 'EO', 'EO', 'EO', 'EO', 'EO', 'EO', 'EO', 'EO', 'EO', 'EO', 'EO', 'EO', 'EO', 'EO', 'EO', 'EO', 'EO', 'EO', 'EO', 'EO', 'EO', 'EO', 'EO', 'EO', 'EO', 'EO', 'EO', 'EO', 'EO', 'EO', 'EO', 'EO', 'EO', 'EO', 'EO', 'EO', 'EO', 'EO', 'EO', 'EO', 'EO', 'EO', 'EO', 'EO', 'EO', 'EO', 'EO', 'EO', 'EO', 'EO', 'EO', 'EO', 'EO', 'EO', 'EO', 'EO', 'EO', 'EO', 'EO', 'EO', 'EO', 'EO', 'EO', 'EO', 'EO', 'EO', 'EO', 'EO', 'EO', 'EO', 'EO', 'EO', 'EO', 'EO', 'EO', 'EO', 'EO', 'EO', 'EO', 'EO', 'EO', 'EO', 'EO', 'EO', 'EO', 'EO', 'EO', 'EO', 'EO', 'EO', 'EO', 'EO', 'EO', 'EO', 'EO', 'EO', 'EO', 'EO', 'EO', 'EO', 'EO', 'EO', 'EO', 'EO', 'EO', 'EO', 'EO', 'EO', 'EO', 'EO', 'EO', 'EO', 'EO', 'EO', 'EO', 'EO', 'EO', 'EO', 'EO', 'EO', 'EO', 'EO', 'EO', 'EO', 'EO', 'EO', 'EO', 'EO', 'EO', 'EO', 'EO', 'EO', 'EO', 'EO', 'EO', 'EO', 'EO', 'EO', 'EO', 'EO', 'EO', 'EO', 'EO', 'EO', 'EO', 'EO', 'EO', 'EO', 'EO', 'EO', 'EO', 'EO', 'EO', 'EO', 'EO', 'EO', 'EO', 'EO', 'EO', 'EO', 'EO', 'EO', 'EO', 'EO', 'EO', 'EO', 'EO', 'EO', 'EO', 'EO', 'EO', 'EO', 'EO', 'EO', 'EO', 'EO', 'EO', 'EO', 'EO', 'EO', 'EO', 'EO', 'EO', 'EO', 'EO', 'EO', 'EO', 'EO', 'EO', 'EO', 'EO', 'EO', 'EO', 'EO', 'EO', 'EO', 'EO', 'EO', 'EO', 'EO', 'EO', 'EO', 'EO', 'EO', 'EO', 'EO', 'EO', 'EO', 'EO', 'EO', 'EO', 'EO', 'EO', 'EO', 'EO', 'EO', 'EO', 'EO', 'EO', 'EO']",?? U//PR-LSAS-SV,2025-07-23 15:44:22.077929,False,1530.2407491820693,560.1427903743814,7188.619081849747,-7.068694965596155,-1.243120497512753,1.601577428578848,J2000,J2000,"[558.9754520550371, -831.9930295222446, -465.69141739129293, -4.37444198359546, -4.866619503028911, -4.93672357175962, 0.10032949463568201, 0.675245497056536, 0.611310599178001, -0.9650696173848871, -0.7507487868778221, 0.439819299734206, -0.800664644404378, 0.26440503645362, -0.768346313022455, -0.23662860014321002, 0.8820632376000961, -0.15303889113531602, -0.901342797499565, -0.5196219831843221, -0.9630223626159581]",True,True,True,False,7.475498764603159,FAKE,TRASH,NA,"[[ 5.58975452e+02 -8.31993030e+02 -4.37444198e+00  1.00329495e-01
  -7.50748787e-01 -2.36628600e-01]
 [-8.31993030e+02 -4.65691417e+02 -4.86661950e+00  6.75245497e-01
   4.39819300e-01  8.82063238e-01]
 [-4.37444198e+00 -4.86661950e+00 -4.93672357e+00  6.11310599e-01
  -8.00664644e-01 -1.53038891e-01]
 [ 1.00329495e-01  6.75245497e-01  6.11310599e-01 -9.65069617e-01
   2.64405036e-01 -9.01342797e-01]
 [-7.50748787e-01  4.39819300e-01 -8.00664644e-01  2.64405036e-01
  -7.68346313e-01 -5.19621983e-01]
 [-2.36628600e-01  8.82063238e-01 -1.53038891e-01 -9.01342797e-01
  -5.19621983e-01 -9.63022363e-01]]",39070,3454.0,43.35633333333333,0,0.0304,41397.1950778611
2,"['fb89ea80-cae6-4d75-9e83-1aa7ae2d9b59', '598fbd66-a114-450c-b552-7fbe031d9c5d', 'f9f6dc31-d726-48fc-9bbb-ca0ccf47640d', 'a0c8872c-764e-413c-a1f1-284873d9dd02', 'a1764007-cf93-40ba-acac-1a82327ff050', '9217994e-cecf-4e67-8da6-160553245492', '1eeb21d3-adb8-40f1-9287-32fca134d0fd', '9bcfd657-72a9-4154-b8e4-6585db5c725c', '163d3c4e-585e-48f8-ae56-5a59e8c00fc2', '876e3f0f-0e14-4d3a-808a-1a84af907995', 'e0574b07-f2a6-4b43-b4dc-a0504436d985', '0c6675b2-fbb6-4866-9d2b-feadedba587a', '4c4df229-1b5f-44bf-a1c8-ae5576611603', '1277e83c-0250-46d9-8867-a442aa5b2d5b', 'b6247fb9-0be9-41ef-a931-07510dfef785', '9f752c4b-93ce-4c0e-aa0a-b971cd8deb80', '94bc7884-331d-4cf5-b627-b45da7fd2bb9', 'fc9ab8a7-23cd-4ea0-92e7-5e33da61ca15', 'f775ab97-db23-484a-8830-63ee91ac2ef6', 'edd70bf8-16be-49cf-b633-182b159b7841', 'c5be2c7a-fc3e-47d1-8e9b-9fdf61991b46', 'a4551d50-7a39-4c13-8790-9c7150431f71', 'c915002e-ba2e-4e78-a247-31ce0e09d120', '0c183236-104f-4003-ab94-df8039938bc2', '326e37e6-fb44-48ad-9675-2f48081347ad', '4f665115-82b9-48dc-8bb2-a46ef1b6f4a2', '620a400b-c30b-4d7a-a880-8ac88f705af2', '79744e0b-61aa-461b-9402-cb08b3c15564', '6b830ee8-139f-494d-8c11-190a338e6488', '00254478-bbff-4105-89f7-8d239453e687', '976486b9-7b17-475c-b31b-e3ea674ebedd', '1a4c2b41-c4de-4b83-82cd-71aac02f4314', '26ba8489-9a8f-48c3-9194-d7a6ff575564', '3289511e-2291-4762-ad4c-23ed5ef4c82d', '3909dafb-a7ba-401e-a56d-3b161ce5578e', '2861dda4-c1b9-4303-ba71-8e392830cbbc', '0d9cb101-34df-43dc-8a97-1381c43b1af0', '14b9d5f9-676d-44e7-8421-a51ac09cab7e', '9e8b72c9-9210-42de-89f7-7f248c965175', '5d19f38e-d343-47a6-a618-e66e40de66f0', '57ac1f2f-db27-4a02-99c6-3de5f4d05c27', '46166780-c5b5-4602-ba77-b67f558ccfe5', '5f46f09c-3c9f-4d7d-a86f-4b7e01a03f04', '9da93d1e-b9f2-4a76-befa-0e8c989d49a6', 'b8327119-0704-4971-9690-a620ecaff7fd', 'dfd1e3ee-d935-470f-a8f6-e08abcf1a3d9', 'ff9850f1-6a56-42c8-a84a-22ff5647740e', '8df1c2a9-4f01-4339-a693-feffa45c1105', 'facea4ad-61ce-411f-92a4-8ce3688c839e', '4e10a3e9-3bb9-4bd5-a957-d4435d50b44e', '15e510d9-020f-468e-8224-32c93277a2b5', 'c3fcfd32-3834-44c7-9212-0ddff0fcd572', 'b25afbe3-8b01-4c89-a171-7726f09902f5', '7f9c7f8e-e641-4cab-9ced-53da520a643c', '583fe366-f4b6-4fdd-83d6-7f14bd62c0bb', 'a9387d1e-708f-48ca-b597-d98e0ea870b6', '75658d31-f960-4451-bf97-411848efd4b4', 'b465ebc0-124b-4092-9cd5-e37e577828f9', '08ddfb5d-a2fa-4ce3-9c8c-87777eab2611', '324805cc-001c-4b61-a9fc-d9aa615f6441', '2b8f4995-2074-41e3-9e21-192e879da7f7', 'c1225497-58b6-4e40-9842-92a29333fc08', 'a4311d90-e819-4030-b20c-569abf0f4017', '4a8fcb46-8567-4144-b7c9-5fe8ae03affb', '4c5d3cea-f978-43e5-9160-7626a091b2ce', 'd73ade3c-1587-47ee-9548-68faa7019584', 'd3e8f04d-8e46-4401-a9f9-2ea0259e27cb', '2423e727-91ad-47ea-805b-ea894f03cc8e', '676e558d-cd97-4786-8f7d-53763fb1bcc2', '98df3d44-47a5-46e0-bd68-093adc492f77', '8bd1340d-03ab-4bf7-b61d-e903d54ad033', '12080d70-bf41-4542-8f59-416e1a8b4ee4', '88db0bc0-e4f4-4f8c-8a76-171e6c2fc53f', 'e8892505-32b7-410a-b84c-10e65cfa64cf', 'b63cb050-7bf9-4e10-83a5-e4b74bfd827b', 'd40f5bfa-8c5b-4789-8feb-9a9fbf92c8cd', '67000492-8a2e-49d9-ae7f-0f480e3641a9', 'f2ce0f13-6558-4a7f-ab84-a22ade565591', '755d8ef6-a994-4ffc-b2a9-a2e019bf2269', 'f6f850e5-e962-4a7b-9534-cc45c46948f0', '988997a6-00ea-4933-87cc-94fe4ff30400', 'ed4f4773-2d8d-4e72-a3d4-005438a25a98', '72ebfcea-c3a8-4ae2-bd95-89173dfbbf48', '6b384615-9978-4e3a-ba58-d419d022f952', '4d24d0df-14dd-4e45-b840-6a82908071d5', '510f2dcf-b05d-4897-a850-0b675903425c', '69a12863-5552-48c6-8b74-1432c67d0324', '3b8b5f30-deb4-4f42-be1c-e06531050a26', 'e051d2a4-3896-4ae7-be90-51a6440015bb', '115729c0-6e8e-40e6-ac20-07bf757ea475', 'a87c6e95-6b05-44a9-8bcf-5cced1879b65', 'e1fd94d7-674d-4aac-8c13-178cdb193466', 'f434758c-358f-46f2-9c4d-841b5c0003d8', '579404cc-d3fd-4ed9-bafd-b31e5d1d0149', 'f104b78c-7652-4057-b22e-bee2ce64dbc5', 'ed1c99b8-6572-4dde-b341-302a72e5ffd2', '7672c18e-6974-46bb-af0f-9c89faaa737e', 'af99e66f-8341-4c4b-bd09-49e93e26eb47', 'c0776b33-909b-4964-bd97-9a353fa491ce', 'dd584e88-0f87-4a08-97af-14bf4ccdc8dd', 'e5df69f2-1bbb-4d25-be09-2ddf9a9c5b58', 'b8c0ef45-ef21-490b-a644-28ee244b8bc0', '9df8abff-34e9-4774-a8df-8092c41c40db', 'e05cad03-e4f7-4ae5-b4c4-888f7a275c75', 'd9d121a8-9044-4e8d-a415-1727b9fd7312', '0015508e-ffa5-4e2b-9d52-b586085fcdb5', '500af48b-a4f4-47bf-a4d4-74d63280be20', '0eb5340d-cd37-4b71-8f9a-2525bfc0e615', 'a2a3e117-f7b6-42d1-a746-5af62136d13b', '21ff494e-a762-4443-908b-a2e8fdae8f05', '3fa3e25d-eabf-41f9-b263-9d59fe69d519', 'a6fdf1fd-1e7d-4090-9046-6c02b3bfd128', '7bb97b4e-0f22-4f39-abd5-5daeddba21ec', 'e7da38d4-3574-4b87-8829-215692965fe1', 'ba7fb89f-010a-400e-9165-6d969ebdfdfd', 'a16ced28-305b-4385-bbcd-83634f99a02f', 'cae1320d-c5b8-4086-9d62-1a8250edb142', 'c547c9ac-17be-44d0-aac7-e7516d6237b6', 'a100cf3f-88d3-4c9c-928d-96b76ff10710', 'd719fe5e-8e9f-4ccf-9445-7f4b8094573c', '0e1f4ecf-25f3-4603-9acb-ef0b80143110', 'c34b94a0-b1d2-4838-a6c0-4ec59248c19f', '30333cde-53e2-40b9-bfe5-aaa3d1fc7e20', '26b9baba-f984-4eb5-b321-66c07c9b4c4f', '8cd7e992-a221-4edc-93f3-93d2676b51e8', '68181f23-8395-456e-8508-0a6eefb8bb09', '200d7635-c7d6-4894-a299-5c814190dc5e', 'bce87a76-07fc-40b0-a324-908c6246476b', '8df9144f-e49d-4276-a8a8-982d8f215ee6', '723abedd-5d90-46e3-8147-b08b41fd89d9', '839a70f2-7c5c-43ef-a78c-9da8181b7db4', '96cb7984-3e6b-469d-8cc3-a006bc03deb7', '6fd661d8-2ee8-4d21-8561-1643570926d3', 'c5ce49a8-60e3-4794-a267-741964c88c49', '60172ac0-d288-42f9-b2b7-e4ed8d43548f', 'b9a56440-1545-4d65-a14b-f5d5225f78d7', '509e87e8-a24e-4886-aa63-903ca173f863', 'ecffbf23-3ab8-4020-bb61-620b96dce767', 'f034392f-aa18-47d3-ac1b-f1c17d62c483', '2afd2081-5355-4a42-a472-1d54242e903a', '82ce7654-03f5-4563-8815-a7df7eaf186a', 'c8045576-fed1-468f-a038-dadef0b4e05b', 'cbef2972-8776-4e85-bba9-b2c9bb34a7d0', 'e789166e-79c3-4c91-b5c3-86e2381adcc1', 'ef439449-3a8c-40fb-97ea-a79fcaf3a0d2', 'd41009f6-d5ca-4fd7-943f-dd90a5d68b7e', 'b4ce46ca-f35c-4db5-84e1-6dbbeaddfac8', 'df0609fe-927f-473b-b041-58a1b3afe53c', '61097d77-47dd-4f0c-bebf-938023bb4575', '6490a762-fd02-40da-b9ed-9cb563374324']","['EO', 'EO', 'EO', 'EO', 'EO', 'EO', 'EO', 'EO', 'EO', 'EO', 'EO', 'EO', 'EO', 'EO', 'EO', 'EO', 'EO', 'EO', 'EO', 'EO', 'EO', 'EO', 'EO', 'EO', 'EO', 'EO', 'EO', 'EO', 'EO', 'EO', 'EO', 'EO', 'EO', 'EO', 'EO', 'EO', 'EO', 'EO', 'EO', 'EO', 'EO', 'EO', 'EO', 'EO', 'EO', 'EO', 'EO', 'EO', 'EO', 'EO', 'EO', 'EO', 'EO', 'EO', 'EO', 'EO', 'EO', 'EO', 'EO', 'EO', 'EO', 'EO', 'EO', 'EO', 'EO', 'EO', 'EO', 'EO', 'EO', 'EO', 'EO', 'EO', 'EO', 'EO', 'EO', 'EO', 'EO', 'EO', 'EO', 'EO', 'EO', 'EO', 'EO', 'EO', 'EO', 'EO', 'EO', 'EO', 'EO', 'EO', 'EO', 'EO', 'EO', 'EO', 'EO', 'EO', 'EO', 'EO', 'EO', 'EO', 'EO', 'EO', 'EO', 'EO', 'EO', 'EO', 'EO', 'EO', 'EO', 'EO', 'EO', 'EO', 'EO', 'EO', 'EO', 'EO', 'EO', 'EO', 'EO', 'EO', 'EO', 'EO', 'EO', 'EO', 'EO', 'EO', 'EO', 'EO', 'EO', 'EO', 'EO', 'EO', 'EO', 'EO', 'EO', 'EO', 'EO', 'EO', 'EO', 'EO', 'EO', 'EO', 'EO', 'EO', 'EO', 'EO', 'EO', 'EO', 'EO', 'EO']",?? U//PR-LSAS-SV,2025-07-23 15:44:22.077929,False,603.5088502442674,3797.832497046505,-6288.392989632116,6.35637551255027,-3.4035106475925962,-1.445494020357448,J2000,J2000,"[608.4281060680291, 670.203988237412, -385.9695045813238, -1.870938934494104, 7.429669755424072, -0.8001868336553121, 0.336540268193432, -0.28556433154703303, 0.7741190823097771, 0.649774182668519, 0.540259078104895, -0.39633121299691704, 0.078847822597451, -0.9795508675297271, -0.5674140380246611, -0.009978060728204001, 0.169597808516002, 0.360137207576459, 0.8171661080550071, 0.553697814362166, -0.9328996359494961]",True,True,True,False,7.305069580790673,FAKE,TRASH,NA,"[[ 6.08428106e+02  6.70203988e+02 -1.87093893e+00  3.36540268e-01
   5.40259078e-01 -9.97806073e-03]
 [ 6.70203988e+02 -3.85969505e+02  7.42966976e+00 -2.85564332e-01
  -3.96331213e-01  1.69597809e-01]
 [-1.87093893e+00  7.42966976e+00 -8.00186834e-01  7.74119082e-01
   7.88478226e-02  3.60137208e-01]
 [ 3.36540268e-01 -2.85564332e-01  7.74119082e-01  6.49774183e-01
  -9.79550868e-01  8.17166108e-01]
 [ 5.40259078e-01 -3.96331213e-01  7.88478226e-02 -9.79550868e-01
  -5.67414038e-01  5.53697814e-01]
 [-9.97806073e-03  1.69597809e-01  3.60137208e-01  8.17166108e-01
   5.53697814e-01 -9.32899636e-01]]",42915,3454.0,43.35633333333333,0,0.029,42503.30677832385
